accuracy,log_loss,brier_score,model
0.5758047767393562,1.5196891999679993,0.536292717096256,champion_xgboost
0.5737279335410177,1.7627650916711541,0.5290239424531515,challenger_poisson
0.5768431983385255,1.8615859817879128,0.533377785866819,challenger_logistic
0.5654205607476636,2.310090181607808,0.5641185026877619,challenger_lightgbm
